<?xml version="1.0" encoding="UTF-8"?>
<metadata xml:lang="es"><Esri><CreaDate>20231003</CreaDate><CreaTime>13383000</CreaTime><ArcGISFormat>1.0</ArcGISFormat><SyncOnce>TRUE</SyncOnce><DataProperties><lineage><Process ToolSource="c:\program files\arcgis\pro\Resources\ArcToolbox\toolboxes\3D Analyst Tools.tbx\RegularizeBuildingFootprint" Date="20231003" Time="133830">RegularizeBuildingFootprint Servicio_5200_0e1f_3B_AnalyticMS_rgb_scaled C:\Users\roparra\Downloads\resultados_construccion_simp05_morfTrue\regularize_rec3.shp "Right Angles" 0,5 # # 1,5 0,1 1000000 # # Distance</Process></lineage></DataProperties></Esri></metadata>
